"elpuebloinforma.com","www.elpuebloinforma.com"
"lavozdelosquesobran.cl","www.lavozdelosquesobran.cl"
"reddigital.cl","www.reddigital.cl"
"eluniversal.cl","www.eluniversal.cl"
"radio.uchile.cl","www.radio.uchile.cl"
"piensachile.com","www.piensachile.com"
"interferencia.cl","www.interferencia.cl"
"regionalista.cl","www.regionalista.cl"
"lavozdemaipu.cl","www.lavozdemaipu.cl"
"resumen.cl","www.resumen.cl"
"lavozdepucon.cl","www.lavozdepucon.cl"
"chileokulto.com","www.chileokulto.com"
"laizquierdadiario.cl","www.laizquierdadiario.cl"
"ciperchile.cl","www.ciperchile.cl"
"revistadefrente.cl","www.revistadefrente.cl"
"cronicadigital.cl","www.cronicadigital.cl"
"fortinmapocho.cl","www.fortinmapocho.cl"
"elsiglo.cl","www.elsiglo.cl"
"convergenciamedios.cl","www.convergenciamedios.cl"
"primeralineaprensa.cl","www.primeralineaprensa.cl"
"piensaprensa.org","www.piensaprensa.org"
"prensaopal.cl","www.prensaopal.cl"
"prensaopal.blogspot.com","www.prensaopal.blogspot.com"
"radiovillafrancia.cl","www.radiovillafrancia.cl"
"radiovillafrancia.blogspot.com","www.radiovillafrancia.blogspot.com"
