"ZWxwdWVibG9pbmZvcm1hLmNvbQ==","d3d3LmVscHVlYmxvaW5mb3JtYS5jb20=" 
"bGF2b3pkZWxvc3F1ZXNvYnJhbi5jbA==","d3d3Lmxhdm96ZGVsb3NxdWVzb2JyYW4uY2w="
"cmVkZGlnaXRhbC5jbA==","d3d3LnJlZGRpZ2l0YWwuY2w="
"ZWx1bml2ZXJzYWwuY2w=","d3d3LmVsdW5pdmVyc2FsLmNs"
"cmFkaW8udWNoaWxlLmNs","d3d3LnJhZGlvLnVjaGlsZS5jbA=="
"cGllbnNhY2hpbGUuY29t","d3d3LnBpZW5zYWNoaWxlLmNvbQ=="
"aW50ZXJmZXJlbmNpYS5jbA==","d3d3LmludGVyZmVyZW5jaWEuY2w="
"cmVnaW9uYWxpc3RhLmNs","d3d3LnJlZ2lvbmFsaXN0YS5jbA=="
"bGF2b3pkZW1haXB1LmNs","d3d3Lmxhdm96ZGVtYWlwdS5jbA=="
"cmVzdW1lbi5jbA==","d3d3LnJlc3VtZW4uY2w="
"bGF2b3pkZXB1Y29uLmNs","d3d3Lmxhdm96ZGVwdWNvbi5jbA=="
"Y2hpbGVva3VsdG8uY29t","d3d3LmNoaWxlb2t1bHRvLmNvbQ=="
"bGFpenF1aWVyZGFkaWFyaW8uY2w=","d3d3LmxhaXpxdWllcmRhZGlhcmlvLmNs"
"Y2lwZXJjaGlsZS5jbA==","d3d3LmNpcGVyY2hpbGUuY2w="
"cmV2aXN0YWRlZnJlbnRlLmNs","d3d3LnJldmlzdGFkZWZyZW50ZS5jbA=="
"Y3JvbmljYWRpZ2l0YWwuY2w=","d3d3LmNyb25pY2FkaWdpdGFsLmNs"
"Zm9ydGlubWFwb2Noby5jbA==","d3d3LmZvcnRpbm1hcG9jaG8uY2w="
"ZWxzaWdsby5jbA==","d3d3LmVsc2lnbG8uY2w="
"Y29udmVyZ2VuY2lhbWVkaW9zLmNs","d3d3LmNvbnZlcmdlbmNpYW1lZGlvcy5jbA=="
"cHJpbWVyYWxpbmVhcHJlbnNhLmNs","d3d3LnByaW1lcmFsaW5lYXByZW5zYS5jbA=="
"cGllbnNhcHJlbnNhLm9yZw==","d3d3LnBpZW5zYXByZW5zYS5vcmc="
"cHJlbnNhb3BhbC5jbA==","d3d3LnByZW5zYW9wYWwuY2w="
"cHJlbnNhb3BhbC5ibG9nc3BvdC5jb20=","d3d3LnByZW5zYW9wYWwuYmxvZ3Nwb3QuY29t"
"cmFkaW92aWxsYWZyYW5jaWEuY2w=","d3d3LnJhZGlvdmlsbGFmcmFuY2lhLmNs"
"cmFkaW92aWxsYWZyYW5jaWEuYmxvZ3Nwb3QuY29t","d3d3LnJhZGlvdmlsbGFmcmFuY2lhLmJsb2dzcG90LmNvbQ=="
